Model,MAE,RMSE,Improvement
GARCH Baseline,1.1244155707305847,1.2131144140621435,0.0
GARCH-X+WIFCM,0.9965314811310093,1.0720443126157693,11.373383020343914
