Model,MAE
Baseline,0.3811234777425162
Hard-Threshold,0.3811234787633731
Fuzzy-GARCH,0.3811234783105551
