Strategy,Sharpe,Final_Return
Baseline,0.7536472727124119,0.2130902428697607
Fuzzy-WIFCM,1.0534262227499867,0.2902655612004632
