Strategy,Sharpe,Final_Return
Baseline,0.7232018297689284,0.7842960149359326
Fuzzy-WIFCM,0.7232018297689284,0.7842960149359326
